{"weights": [[0.28224934861540957, 0.19136496634971906, 0.13422913773688525, -0.005144967278413798, 0.008896242496784746], [0.009766224359824407, -0.3519214413876083, -0.014707144713216576, -0.008106045152774024, 0.009571899636340853], [0.0013707548189126311, 0.008356396202391779, -0.007756278980765619, 0.0034353979782963083, -0.005565499163215261], [-0.011853336052281218, 0.01094070487593385, 5.491310898753659e-05, -0.009887134527990926, -0.0009180556174119717], [-0.004785458625441689, -0.01310301539553153, -0.015082214081189094, 0.005012565986651122, -0.004417852114515183], [0.0017949777221548991, -0.01098679547464946, 0.02752242092018931, 0.0033725345156456203, 0.006308412830169668], [0.02011431484289752, -0.013005615133513747, 0.008689526705294149, -0.014866916834473484, -0.007201713128148431], [-0.006865747067409793, 0.00053455928652512, 0.018656583931208347, 0.011854661787394206, -0.009757455514301419], [0.023896312999268775, -4.78194897911028e-06, 0.005213898637087408, -0.005597214632823557, -0.008776672274084933], [-0.018212885591044347, 0.011626046897596401, 0.00767399770867736, -0.01015996081673595, 0.004690934672298357], [0.005676370824847259, 0.004421306261496014, 0.0019356848799147609, -0.0005471444471790301, -0.014670203143059665], [-0.004510942189774946, -0.009603187637327744, 0.010735888522784967, 0.016172917779273568, -0.005382315302034107], [0.008148197256311714, -0.009673410713527328, 0.01093990727932994, -0.0031740913126794847, 0.011499288771149767], [0.003555843866842838, 0.00045336289893456406, 0.015616357535015436, 0.011036476547669443, 0.012384696227437056], [0.004258468366992163, 0.0037624180997544053, 0.02562910054227949, 0.00290505916732141, -0.002366639028801757], [0.011591424120906281, 0.001749505513037353, 0.0172556557105137, 0.0009669862296886604, 0.003574689825605497], [-0.001758588597915131, 0.0031942385986517105, 0.011875079449556946, 0.0076563023442879135, -0.0001364789631832162], [-0.003600066443048175, -0.005085266370587401, 0.004727096629017954, -0.0197992930274792, 7.39456602803049e-06]], "exploration_rate_epsilon": 0.994}